"murder","illiteracy","lifeExp"
2,0,72.32
12,0,69.03
1,1,72.78
2,1,72.43
3,1,71.835
4,1,72.3325
5,1,71.12
6,1,70.8875
7,1,70.706
8,1,70.22
9,1,70.69
10,1,70.6433333333333
11,1,70.6133333333333
6,2,73.6
8,2,70.55
10,2,70.49
11,2,69.6825
12,2,68.9833333333333
14,2,68.54
15,2,69.05
13,3,68.76
